concept_id,principle,leading_authority_or_example,practice_note
legal_personality,International organizations can possess international legal personality distinct from member states.,Reparation for Injuries,"Claims capacity, treaty capacity, privileges and immunities, responsibility."
implied_powers,Organizations may possess powers necessary to perform their functions even when not textually explicit.,Reparation for Injuries,Institutional effectiveness and functional necessity.
constituent_instruments,Organizations derive authority from treaties or founding instruments.,UN Charter; WHO Constitution; WTO Agreement; IMF Articles,"Mandate analysis begins with text, object, purpose, and institutional practice."
delegated_authority,"Member states delegate powers through treaties, decisions, or institutional practice.",Specialized agencies and treaty bodies,Authority varies by organization and field.
binding_decisions,Some bodies issue decisions binding on members under their constituent instruments.,Security Council Chapter VII; WTO dispute settlement,Binding force must be traced to a legal source.
soft_law,"Organizations generate non-binding standards, guidelines, recommendations, and technical norms.",WHO guidance; ILO recommendations; OECD standards,Soft law may shape conduct even without formal binding status.
technical_authority,"Expert bodies influence law through knowledge, metrics, classifications, and standards.",WHO; ICAO; IMO; FAO; IAEA,Authority can be epistemic as well as legal.
privileges_immunities,Institutions and officials may hold immunities necessary for independent function.,UN Privileges and Immunities Convention,Immunity must be connected to function and accountability concerns.
responsibility,International organizations can bear responsibility for internationally wrongful acts.,ILC Draft Articles on Responsibility of International Organizations,"Attribution, breach, aid/assistance, and member-state responsibility must be analyzed carefully."
